{
  "eye": {
    "orientation": [
      -0.19319632649421692,
      -0.10567431896924973,
      0.04695872217416763,
      0.9743218421936035
    ],
    "magnitude": 1.1809757947921753,
    "position": [
      -193.9918670654297,
      317.37542724609375,
      782.0745849609375
    ]
  },
  "radius": 500,
  "type": "ORTHOGRAPHIC"
}