{
  "eye": {
    "orientation": [
      0.35492339730262756,
      -0.43533656001091003,
      -0.8127107620239258,
      0.15496066212654114
    ],
    "magnitude": 0.36979615688323975,
    "position": [
      -376.5291748046875,
      299.9725646972656,
      245.72459411621094
    ]
  },
  "radius": 310.5361022949219,
  "type": "ORTHOGRAPHIC"
}