{
  "eye": {
    "orientation": [
      -0.16699673235416412,
      0.3767843544483185,
      -0.9088930487632751,
      -0.06371169537305832
    ],
    "magnitude": 0.6313403248786926,
    "position": [
      102.41808319091797,
      -282.13970947265625,
      264.402099609375
    ]
  },
  "radius": 200,
  "type": "PERSPECTIVE"
}