{
  "eye": {
    "orientation": [
      0.07814378291368484,
      0.08962307870388031,
      -0.039428748190402985,
      0.9921222925186157
    ],
    "magnitude": 0.5773502588272095,
    "position": [
      68.65423583984375,
      -64.83281707763672,
      388.6943664550781
    ]
  },
  "radius": 200,
  "type": "PERSPECTIVE"
}