{
  "eye": {
    "orientation": [
      -0.0048963166773319244,
      -0.21744810044765472,
      0.11625732481479645,
      0.9691113233566284
    ],
    "magnitude": 0.44983533024787903,
    "position": [
      99.3212890625,
      373.41644287109375,
      1159.0098876953125
    ]
  },
  "radius": 640,
  "type": "PERSPECTIVE"
}