{
  "eye": {
    "orientation": [
      -0.18662616610527039,
      -0.5569446682929993,
      -0.043415699154138565,
      0.8081450462341309
    ],
    "magnitude": 0.19407977163791656,
    "position": [
      -147.5201873779297,
      69.7481918334961,
      58.423160552978516
    ]
  },
  "radius": 99.83836364746094,
  "type": "ORTHOGRAPHIC"
}