{
  "eye": {
    "orientation": [
      -0.1477317065000534,
      0.46465012431144714,
      0.39318299293518066,
      0.7795401215553284
    ],
    "magnitude": 0.2942001521587372,
    "position": [
      246.36117553710938,
      167.27301025390625,
      286.4377746582031
    ]
  },
  "radius": 200,
  "type": "PERSPECTIVE"
}