{
  "eye": {
    "orientation": [
      0.7397042512893677,
      -0.08222387731075287,
      0.0561266764998436,
      0.6655274033546448
    ],
    "magnitude": 0.20015546679496765,
    "position": [
      3.1609675884246826,
      -173.547607421875,
      -7.638920783996582
    ]
  },
  "radius": 100,
  "type": "ORTHOGRAPHIC"
}