{
  "eye": {
    "orientation": [
      -0.281191349029541,
      -0.6243777275085449,
      -0.5161324143409729,
      -0.5144816637039185
    ],
    "magnitude": 0.16974075138568878,
    "position": [
      161.51104736328125,
      61.6261100769043,
      10.789322853088379
    ]
  },
  "radius": 100,
  "type": "ORTHOGRAPHIC"
}