{
  "eye": {
    "orientation": [
      0.40149322152137756,
      -0.01888241618871689,
      -0.073828786611557,
      0.9126861095428467
    ],
    "magnitude": 0.21382765471935272,
    "position": [
      -19.48621940612793,
      -124.70745849609375,
      118.8392105102539
    ]
  },
  "radius": 100,
  "type": "ORTHOGRAPHIC"
}