{
  "eye": {
    "orientation": [
      -0.0847003161907196,
      0.7354586720466614,
      0.6298537850379944,
      0.23496957123279572
    ],
    "magnitude": 0.2857142984867096,
    "position": [
      41.39572525024414,
      167.36630249023438,
      -16.580345153808594
    ]
  },
  "radius": 100,
  "type": "ORTHOGRAPHIC"
}