{
  "eye": {
    "orientation": [
      -0.2554970681667328,
      0.12524652481079102,
      0.07563792169094086,
      0.9556743502616882
    ],
    "magnitude": 1.6666666269302368,
    "position": [
      173.99908447265625,
      439.32598876953125,
      725.7527465820312
    ]
  },
  "radius": 500,
  "type": "ORTHOGRAPHIC"
}