{
  "eye": {
    "orientation": [
      0,
      0,
      1,
      -4.371138828673793E-8
    ],
    "magnitude": 0.6601553559303284,
    "position": [
      0,
      0,
      343.02679443359375
    ]
  },
  "radius": 198.04660034179688,
  "type": "ORTHOGRAPHIC"
}