{
  "eye": {
    "orientation": [
      -0.002194782951846719,
      -2.6193031317234272E-6,
      2.5054143043234944E-4,
      0.9999975562095642
    ],
    "magnitude": 0.5981491208076477,
    "position": [
      -6.965143203735352,
      -64.68626403808594,
      346.6920166015625
    ]
  },
  "radius": 200,
  "type": "ORTHOGRAPHIC"
}