{
  "eye": {
    "orientation": [
      0.049674682319164276,
      0.23928311467170715,
      -0.052228640764951706,
      0.9682707190513611
    ],
    "magnitude": 0.6926246881484985,
    "position": [
      222.26646423339844,
      -58.791080474853516,
      427.0144958496094
    ]
  },
  "radius": 280,
  "type": "ORTHOGRAPHIC"
}