{
  "eye": {
    "orientation": [
      -0.4113372266292572,
      0.8930904865264893,
      0.11200039833784103,
      0.14369088411331177
    ],
    "magnitude": 1.2302289009094238,
    "position": [
      185.64657592773438,
      211.5385284423828,
      -414.6112365722656
    ]
  },
  "radius": 280,
  "type": "ORTHOGRAPHIC"
}