{
  "eye": {
    "orientation": [
      0.029337536543607712,
      -0.13263191282749176,
      -0.08764231950044632,
      0.9868469834327698
    ],
    "magnitude": 0.18519145250320435,
    "position": [
      -46.10205078125,
      -6.076075553894043,
      166.84661865234375
    ]
  },
  "radius": 100,
  "type": "ORTHOGRAPHIC"
}